{
        "0": [
                0.7233333587646484
        ],
        "1": [
                0.70333331823349
        ],
        "2": [
                0.8166666626930237
        ],
        "3": [
                0.7166666388511658
        ],
        "4": [
                0.7066666483879089
        ],
        "5": [
                0.7333333492279053
        ],
        "6": [
                0.8333333134651184
        ]
}