{
        "accuracy": 0.5514285714285715,
        "recall": 0.37751417029548195,
        "specifity": 0.6225038602351072,
        "precision": 0.31401878477143363,
        "f_score": 0.32714865609615423
}