{
        "0": [
                0.7300000190734863
        ],
        "1": [
                0.6000000238418579
        ],
        "2": [
                0.5799999833106995
        ],
        "3": [
                0.6200000047683716
        ],
        "4": [
                0.75
        ],
        "5": [
                0.6399999856948853
        ],
        "6": [
                0.46000000834465027
        ],
        "7": [
                0.47999998927116394
        ],
        "8": [
                0.4699999988079071
        ],
        "9": [
                0.6200000047683716
        ],
        "10": [
                0.46000000834465027
        ],
        "11": [
                0.4399999976158142
        ],
        "12": [
                0.6299999952316284
        ],
        "13": [
                0.7400000095367432
        ]
}