{
        "0": [
                0.6899999976158142
        ],
        "1": [
                0.6933333277702332
        ],
        "2": [
                0.8233333230018616
        ],
        "3": [
                0.7166666388511658
        ],
        "4": [
                0.7066666483879089
        ],
        "5": [
                0.7333333492279053
        ],
        "6": [
                0.7933333516120911
        ]
}