{
        "0": [
                0.6366666555404663
        ],
        "1": [
                0.6200000047683716
        ],
        "2": [
                0.5233333110809326
        ],
        "3": [
                0.6299999952316284
        ],
        "4": [
                0.5866666436195374
        ],
        "5": [
                0.5699999928474426
        ],
        "6": [
                0.7133333086967468
        ]
}