{
        "accuracy": 0.7177142857142856,
        "recall": 0.12271817436048402,
        "specifity": 0.8644386727711294,
        "precision": [
                0.16470588235294117,
                0.1875,
                0.16666666666666666,
                0.2857142857142857,
                0.12,
                0.11475409836065574,
                0.1875,
                0.1320754716981132,
                0.21212121212121213,
                0.20168067226890757,
                0.1875,
                0.22857142857142856,
                0.16176470588235295,
                0.17777777777777778
        ],
        "f_score": [
                "Precision + Recall !> 0",
                "Precision + Recall !> 0",
                "Precision + Recall !> 0",
                "Precision + Recall !> 0",
                "Precision + Recall !> 0",
                "Precision + Recall !> 0",
                "Precision + Recall !> 0",
                "Precision + Recall !> 0",
                "Precision + Recall !> 0",
                "Precision + Recall !> 0",
                "Precision + Recall !> 0",
                "Precision + Recall !> 0",
                "Precision + Recall !> 0",
                "Precision + Recall !> 0"
        ]
}