{
        "accuracy": 0.7177142857142856,
        "recall": 0.12271817436048402,
        "specifity": 0.8644386727711294,
        "precision": [
                0.16470588235294117,
                0.1875,
                0.16666666666666666,
                0.2857142857142857,
                0.12,
                0.11475409836065574,
                0.1875,
                0.1320754716981132,
                0.21212121212121213,
                0.20168067226890757,
                0.1875,
                0.22857142857142856,
                0.16176470588235295,
                0.17777777777777778
        ],
        "f_score": [
                0.14358974358974358,
                0.1090909090909091,
                0.10126582278481011,
                0.23913043478260868,
                0.08053691275167785,
                0.10144927536231885,
                0.12587412587412586,
                0.1044776119402985,
                0.1581920903954802,
                0.21052631578947367,
                0.13043478260869568,
                0.17486338797814208,
                0.15277777777777782,
                0.1739130434782609
        ]
}