{
        "recall": 0.9974758324382386,
        "specifity": 0.0373284262252897,
        "precision": [
                0.38341968911917096,
                0.3469387755102041,
                0.4824120603015075,
                0.39487179487179486,
                0.3768844221105528,
                0.4467005076142132,
                0.5025906735751295,
                0.3520408163265306,
                0.51010101010101,
                0.42487046632124353,
                0.4793814432989691,
                0.4517766497461929,
                0.484375,
                0.5255102040816326
        ],
        "f_score": [
                0.5543071161048688,
                0.5151515151515151,
                0.6508474576271187,
                0.5661764705882353,
                0.5474452554744526,
                0.6175438596491228,
                0.6689655172413793,
                0.518796992481203,
                0.6755852842809364,
                0.5963636363636364,
                0.643598615916955,
                0.6223776223776224,
                0.6526315789473685,
                0.6889632107023411
        ]
}