{
        "recall": 1.0,
        "specifity": 0.03087036103789253,
        "precision": [
                0.37948717948717947,
                0.3469387755102041,
                0.4824120603015075,
                0.39285714285714285,
                0.3768844221105528,
                0.4467005076142132,
                0.5,
                0.3553299492385787,
                0.51010101010101,
                0.422680412371134,
                0.47738693467336685,
                0.4517766497461929,
                0.48186528497409326,
                0.5228426395939086
        ],
        "f_score": [
                0.550185873605948,
                0.5151515151515151,
                0.6508474576271187,
                0.5641025641025641,
                0.5474452554744526,
                0.6175438596491228,
                0.6666666666666666,
                0.5243445692883896,
                0.6755852842809364,
                0.5942028985507246,
                0.6462585034013606,
                0.6223776223776224,
                0.6503496503496504,
                0.6866666666666666
        ]
}