{
        "recall": 0.7741008463945196,
        "specifity": 0.25018810631253563,
        "precision": [
                0.4093567251461988,
                0.3611111111111111,
                0.4460431654676259,
                0.36764705882352944,
                0.36,
                0.445859872611465,
                0.4968553459119497,
                0.37662337662337664,
                0.514792899408284,
                0.4015151515151515,
                0.4696969696969697,
                0.4619883040935672,
                0.5131578947368421,
                0.50625
        ],
        "f_score": [
                0.5715285714285714,
                0.490666037735849,
                0.5277595744680852,
                0.4695835680751174,
                0.4800999999999999,
                0.5715285714285715,
                0.6172875,
                0.5179571428571429,
                0.6445444444444444,
                0.4954271028037383,
                0.5463555066079295,
                0.6077923076923076,
                0.6368346938775511,
                0.6160695817490494
        ]
}