{
        "0": [
                0.41999998688697815
        ],
        "1": [
                0.5099999904632568
        ],
        "2": [
                0.5199999809265137
        ],
        "3": [
                0.41999998688697815
        ],
        "4": [
                0.4000000059604645
        ],
        "5": [
                0.5199999809265137
        ],
        "6": [
                0.5299999713897705
        ]
}