{
        "recall": 0.0864526309511847,
        "specifity": 0.8932487589591233,
        "precision": [
                0.2,
                0.42857142857142855,
                0.5238095238095238,
                0.26666666666666666,
                0.3142857142857143,
                0.46511627906976744,
                0.625,
                0.1724137931034483,
                0.42857142857142855,
                0.38095238095238093,
                0.3939393939393939,
                0.35714285714285715,
                0.38095238095238093,
                0.4
        ],
        "f_score": [
                0.02541645569620253,
                0.14644146341463415,
                0.18813418803418802,
                0.08705652173913044,
                0.20009999999999997,
                0.3054435114503817,
                0.09533809523809522,
                0.10111010101010101,
                0.05565555555555556,
                0.15543980582524272,
                0.20322500000000002,
                0.0971873786407767,
                0.14045087719298244,
                0.07089646017699115
        ]
}