{
        "recall": 0.24750659883188755,
        "specifity": 0.7542934617769689,
        "precision": [
                0.39344262295081966,
                0.2857142857142857,
                0.5901639344262295,
                0.2926829268292683,
                0.34375,
                0.45714285714285713,
                0.42105263157894735,
                0.313953488372093,
                0.4418604651162791,
                0.375,
                0.25,
                0.5066666666666667,
                0.5647058823529412,
                0.5641025641025641
        ],
        "f_score": [
                0.3556555555555555,
                0.21828181818181816,
                0.4586987261146497,
                0.20348983050847455,
                0.205707476635514,
                0.2602626016260163,
                0.23713703703703706,
                0.34625384615384613,
                0.2639888888888889,
                0.21062631578947363,
                0.1009403361344538,
                0.4635146341463414,
                0.5394258426966292,
                0.30995915492957743
        ]
}