{
        "0": [
                1.3917526006698608
        ],
        "1": [
                1.5925925970077515
        ],
        "2": [
                1.1138211488723755
        ],
        "3": [
                1.303030252456665
        ],
        "4": [
                1.5365853309631348
        ],
        "5": [
                1.3362069129943848
        ],
        "6": [
                1.3737373352050781
        ]
}