{
        "0": [
                0.44999998807907104
        ],
        "1": [
                0.4300000071525574
        ],
        "2": [
                0.4566666781902313
        ],
        "3": [
                0.4300000071525574
        ],
        "4": [
                0.41999998688697815
        ],
        "5": [
                0.5166666507720947
        ],
        "6": [
                0.4533333480358124
        ]
}